analysis_hash,candidate_id,action,ranking_group,name,lon,lat,source_reference,source_url,primary_rank,primary_unique_trips,primary_unique_routes,primary_active_stops,primary_events,distance_300_rank,distance_300_unique_trips,distance_300_unique_routes,distance_300_active_stops,distance_500_rank,distance_500_unique_trips,distance_500_unique_routes,distance_500_active_stops,rider_conditional_rank,rider_conditional_unique_trips,rider_conditional_unique_routes,rider_conditional_active_stops,normal_operations_rank,normal_operations_unique_trips,normal_operations_unique_routes,normal_operations_active_stops,optimistic_information_rank,optimistic_information_unique_trips,optimistic_information_unique_routes,optimistic_information_active_stops,saturday_rank,saturday_unique_trips,saturday_unique_routes,saturday_active_stops,hours,closure_category,access_condition,accessibility,partial_service,source_to_snap_metres,nearest_relevant,nearest_other_facilities,canonical_network_node,duplicate_flag,inferred_action,audit_map_path,audit_status,evidence_note,reviewer,reviewed_at
aafebe1d0373fe78f878042aac41e0db6e07b0d1f7238d056cd83505072cdb2b,extend-hours:library:MD,extend_hours,extend,Mount Dennis library,-79.4882800,43.6865900,Phase 1 facilities.csv facility_id=library:MD,https://www.tpl.ca/mountdennis,1,125,12,23,319,1,80,7,6,1,132,12,30,1,108,11,17,1,125,12,23,not applicable,not applicable,not applicable,not applicable,1,118,12,23,Mon 9 a.m. to 8:30 p.m.; Tue 9 a.m. to 8:30 p.m.; Wed 9 a.m. to 8:30 p.m.; Thu 9 a.m. to 8:30 p.m.; Fri 9 a.m. to 8:30 p.m.; Sat 9 a.m. to 5 p.m.; Sun 12 p.m. to 5 p.m.,none,unrestricted,unknown,false,13.2,library:MD:Mount Dennis library:77.3m,ttc:mount-dennis:Mount Dennis station:448.1m,"305737.742,4838503.875",false,extend,audit-maps/extend-hours_library_MD.png,valid,"TPL source, Phase 1 coordinates, Tuesday hours, snap, and audit map agree.",FG03 audit,2026-07-25
aafebe1d0373fe78f878042aac41e0db6e07b0d1f7238d056cd83505072cdb2b,extend-hours:library:SP,extend_hours,extend,Spadina Road library,-79.4046200,43.6676700,Phase 1 facilities.csv facility_id=library:SP,https://www.tpl.ca/spadina,2,75,4,10,85,9,48,4,6,4,79,4,13,2,75,4,10,2,75,4,10,not applicable,not applicable,not applicable,not applicable,2,68,4,10,Mon 10 a.m. to 8:30 p.m.; Tue 12:30 p.m. to 8:30 p.m.; Wed 10 a.m. to 6 p.m.; Thu 12:30 p.m. to 8:30 p.m.; Fri 10 a.m. to 6 p.m.; Sat 9 a.m. to 5 p.m.; Sun 12 p.m. to 5 p.m.,none,unrestricted,unknown,false,20.1,library:SP:Spadina Road library:174.7m,,"312511.389,4836422.930",false,extend,audit-maps/extend-hours_library_SP.png,valid,"TPL source, Phase 1 coordinates, Tuesday hours, snap, and audit map agree.",FG03 audit,2026-07-25
aafebe1d0373fe78f878042aac41e0db6e07b0d1f7238d056cd83505072cdb2b,extend-hours:parks:45062,extend_hours,extend,York Recreation Centre Washroom,-79.4820346,43.6878729,Phase 1 facilities.csv facility_id=parks:45062,https://www.toronto.ca/explore-enjoy/parks-recreation/places-spaces/parks-and-recreation-facilities/location/?id=3501,3,64,9,7,91,2,64,9,6,2,110,10,10,102,20,4,5,3,64,9,7,not applicable,not applicable,not applicable,not applicable,3,61,9,7,Mon Closed; Tue 7 a.m. to 10 p.m.; Wed 7 a.m. to 10 p.m.; Thu 7 a.m. to 10 p.m.; Fri 7 a.m. to 10 p.m.; Sat 7 a.m. to 8 p.m.; Sun 7 a.m. to 8 p.m.,none,unrestricted,unknown,false,27.5,parks:45062:York Recreation Centre Washroom:119.8m,crem:003257-B02:York Civic Centre:523.8m | ttc:mount-dennis:Mount Dennis station:538.1m,"306222.517,4838648.605",false,extend,audit-maps/extend-hours_parks_45062.png,valid,"Parks and City-hours source, coordinates, late closure, snap, and map agree.",FG03 audit,2026-07-25
aafebe1d0373fe78f878042aac41e0db6e07b0d1f7238d056cd83505072cdb2b,extend-hours:library:ND,extend_hours,extend,Northern District library,-79.3997900,43.7082400,Phase 1 facilities.csv facility_id=library:ND,https://www.tpl.ca/northerndistrict,4,60,8,13,77,4,55,6,10,8,66,8,20,262,4,1,2,4,60,8,13,not applicable,not applicable,not applicable,not applicable,5,57,8,13,Mon 9 a.m. to 8:30 p.m.; Tue 9 a.m. to 8:30 p.m.; Wed 9 a.m. to 8:30 p.m.; Thu 9 a.m. to 8:30 p.m.; Fri 9 a.m. to 8:30 p.m.; Sat 9 a.m. to 5 p.m.; Sun 12 p.m. to 5 p.m.,none,unrestricted,unknown,false,30.7,library:ND:Northern District library:127.2m,ttc:eglinton:Eglinton station:448.6m,"312883.556,4840895.026",false,extend,audit-maps/extend-hours_library_ND.png,valid,"TPL source, Phase 1 coordinates, Tuesday hours, snap, and audit map agree.",FG03 audit,2026-07-25
aafebe1d0373fe78f878042aac41e0db6e07b0d1f7238d056cd83505072cdb2b,extend-hours:library:RD,extend_hours,extend,Riverdale library,-79.3530900,43.6657100,Phase 1 facilities.csv facility_id=library:RD,https://www.tpl.ca/riverdale,5,60,6,16,174,3,59,6,13,12,62,6,21,3,60,6,16,5,60,6,16,not applicable,not applicable,not applicable,not applicable,4,58,6,16,Mon 9 a.m. to 8:30 p.m.; Tue 9 a.m. to 8:30 p.m.; Wed 9 a.m. to 8:30 p.m.; Thu 9 a.m. to 8:30 p.m.; Fri 9 a.m. to 5 p.m.; Sat 9 a.m. to 5 p.m.; Sun 12 p.m. to 5 p.m.,none,unrestricted,unknown,false,19.0,library:RD:Riverdale library:32.7m,parks:29612:Riverdale Park East Fieldhouse Washroom :395.9m,"316666.536,4836210.131",false,extend,audit-maps/extend-hours_library_RD.png,valid,"TPL source, Phase 1 coordinates, Tuesday hours, snap, and audit map agree.",FG03 audit,2026-07-25
aafebe1d0373fe78f878042aac41e0db6e07b0d1f7238d056cd83505072cdb2b,extend-hours:parks:317,extend_hours,extend,East York Community Centre Washroom,-79.3492561,43.6917662,Phase 1 facilities.csv facility_id=parks:317,https://www.toronto.ca/explore-enjoy/parks-recreation/places-spaces/parks-and-recreation-facilities/location/?id=329,6,56,5,13,97,8,49,5,9,16,59,5,17,4,56,5,13,6,56,5,13,not applicable,not applicable,not applicable,not applicable,8,53,5,13,Mon Closed; Tue 7 a.m. to 10 p.m.; Wed 7 a.m. to 10 p.m.; Thu 7 a.m. to 10 p.m.; Fri 7 a.m. to 10 p.m.; Sat 9 a.m. to 8 p.m.; Sun 9 a.m. to 8 p.m.,none,unrestricted,unknown,false,25.1,parks:317:East York Community Centre Washroom:29.6m,,"316927.718,4839094.581",false,extend,audit-maps/extend-hours_parks_317.png,valid,"Parks and City-hours source, coordinates, late closure, snap, and map agree.",FG03 audit,2026-07-25
aafebe1d0373fe78f878042aac41e0db6e07b0d1f7238d056cd83505072cdb2b,extend-hours:parks:29631,extend_hours,extend,Scarlett Woods Golf Course Washroom,-79.5001326,43.6835276,Phase 1 facilities.csv facility_id=parks:29631,https://www.toronto.ca/explore-enjoy/parks-recreation/places-spaces/parks-and-recreation-facilities/location/?id=401,8,55,5,6,63,5,55,5,4,24,55,5,7,6,55,5,6,8,55,5,6,not applicable,not applicable,not applicable,not applicable,15,48,4,6,9 a.m. to 10 p.m.,none,unrestricted,unknown,false,57.8,parks:29631:Scarlett Woods Golf Course Washroom:199.2m,parks:29401:Eglinton Flats Northwest Sports Pavilion Washroom:541.3m,"304773.038,4838229.970",false,extend,audit-maps/extend-hours_parks_29631.png,valid,"Parks source, listed 10 p.m. closure, plausible golf-course snap, and map agree.",FG03 audit,2026-07-25
aafebe1d0373fe78f878042aac41e0db6e07b0d1f7238d056cd83505072cdb2b,extend-hours:library:DP,extend_hours,extend,Deer Park library,-79.3924200,43.6886300,Phase 1 facilities.csv facility_id=library:DP,https://www.tpl.ca/deerpark,9,53,5,11,70,10,46,5,6,14,60,5,18,7,53,5,11,9,53,5,11,not applicable,not applicable,not applicable,not applicable,10,52,5,11,Mon 9 a.m. to 8:30 p.m.; Tue 9 a.m. to 8:30 p.m.; Wed 9 a.m. to 8:30 p.m; Thu 9 a.m. to 8:30 p.m.; Fri 9 a.m. to 5 p.m.; Sat 9 a.m. to 5 p.m.; Sun 12 p.m. to 5 p.m.,none,unrestricted,unknown,false,7.0,library:DP:Deer Park library:120.5m,,"313474.447,4838740.231",false,extend,audit-maps/extend-hours_library_DP.png,valid,"TPL source, Phase 1 coordinates, Tuesday hours, snap, and audit map agree.",FG03 audit,2026-07-25
aafebe1d0373fe78f878042aac41e0db6e07b0d1f7238d056cd83505072cdb2b,extend-hours:library:LO,extend_hours,extend,Locke library,-79.4017600,43.7248800,Phase 1 facilities.csv facility_id=library:LO,https://www.tpl.ca/locke,10,52,5,18,89,6,51,5,12,25,54,6,21,8,52,5,18,10,52,5,18,not applicable,not applicable,not applicable,not applicable,11,51,5,18,Mon 9 a.m. to 8:30 p.m.; Tue 9 a.m. to 8:30 p.m.; Wed 9 a.m. to 8:30 p.m.; Thu 9 a.m. to 8:30 p.m.; Fri 9 a.m. to 5 p.m.; Sat 9 a.m. to 5 p.m.; Sun 12 p.m. to 5 p.m.,none,unrestricted,unknown,false,18.8,library:LO:Locke library:52.6m,,"312696.473,4842771.878",false,extend,audit-maps/extend-hours_library_LO.png,valid,"TPL source, Phase 1 coordinates, Tuesday hours, snap, and audit map agree.",FG03 audit,2026-07-25
aafebe1d0373fe78f878042aac41e0db6e07b0d1f7238d056cd83505072cdb2b,extend-hours:library:SL,extend_hours,extend,St. Lawrence library,-79.3683200,43.6501200,Phase 1 facilities.csv facility_id=library:SL,https://www.tpl.ca/stlawrence,11,52,4,19,136,7,50,4,10,19,57,5,24,9,52,4,19,11,52,4,19,not applicable,not applicable,not applicable,not applicable,17,47,4,19,Mon 10 a.m. to 8:30 p.m.; Tue 12:30 p.m. to 8:30 p.m.; Wed 10 a.m. to 6 p.m.; Thu 12:30 p.m. to 8:30 p.m.; Fri 10 a.m. to 6 p.m.; Sat 9 a.m. to 5 p.m.; Sun 12 p.m. to 5 p.m.,none,unrestricted,unknown,false,7.4,library:SL:St. Lawrence library:72.0m,crem:000981-B03:St Lawrence South:331.6m | crem:000981-B04:St Lawrence North:346.3m | parks:2103:St. Lawrence Community Recreation Centre Washroom:403.6m,"315420.468,4834478.629",false,extend,audit-maps/extend-hours_library_SL.png,valid,"TPL source, Phase 1 coordinates, Tuesday hours, snap, and audit map agree.",FG03 audit,2026-07-25
aafebe1d0373fe78f878042aac41e0db6e07b0d1f7238d056cd83505072cdb2b,new-facility-zone:13865,new_facility_zone,new,Kennedy,-79.2643989,43.7322433,GTFS stops.txt stop_id=13865,https://www.ttc.ca/transparency-and-accountability/open-data,1,189,21,18,246,1,183,21,15,1,189,21,19,358,13,3,3,1,189,21,18,1,189,21,18,1,177,20,16,proposed always-open investigation zone,none,unrestricted,unknown,false,32.8,,ttc:kennedy:Kennedy station:218.4m,"323779.803,4843613.636",false,new,audit-maps/new-facility-zone_13865.png,exclude,"Excluded from this release: a nearby open facility is about 222 m away straight-line but routes 1.17 km in the model, so station-area topology cannot support this geographic-gap claim.",FG03 audit,2026-07-25
aafebe1d0373fe78f878042aac41e0db6e07b0d1f7238d056cd83505072cdb2b,new-facility-zone:43103,new_facility_zone,new,Eglinton Ave West at Weston Rd East Side,-79.4888854,43.6869818,GTFS stops.txt stop_id=43103,https://www.ttc.ca/transparency-and-accountability/open-data,2,132,12,27,418,2,125,12,20,2,132,12,31,1,108,11,15,2,132,12,27,2,132,12,27,2,123,12,27,proposed always-open investigation zone,none,unrestricted,unknown,false,9.2,library:MD:Mount Dennis library:118.6m,library:MD:Mount Dennis library:118.6m | ttc:mount-dennis:Mount Dennis station:347.8m,"305696.306,4838558.371",false,new,audit-maps/new-facility-zone_43103.png,exclude,"Mount Dennis library is about 109 m by network and scheduled closed; this is an hours gap, not a new-zone gap.",FG03 audit,2026-07-25
aafebe1d0373fe78f878042aac41e0db6e07b0d1f7238d056cd83505072cdb2b,new-facility-zone:14948,new_facility_zone,new,Kipling,-79.5362052,43.6376034,GTFS stops.txt stop_id=14948,https://www.ttc.ca/transparency-and-accountability/open-data,3,121,12,19,178,3,120,12,16,4,121,12,19,377,11,3,1,3,121,12,19,3,121,12,19,3,118,12,19,proposed always-open investigation zone,none,unrestricted,unknown,false,34.5,,ttc:kipling:Kipling station:103.3m,"301879.062,4833073.284",false,new,audit-maps/new-facility-zone_14948.png,valid,"Kipling GTFS platform, network snap, fare-paid context, and audit map agree.",FG03 audit,2026-07-25
aafebe1d0373fe78f878042aac41e0db6e07b0d1f7238d056cd83505072cdb2b,new-facility-zone:8878,new_facility_zone,new,Finch Ave East at Kenneth Ave,-79.4125231,43.7803344,GTFS stops.txt stop_id=8878,https://www.ttc.ca/transparency-and-accountability/open-data,4,114,10,18,165,59,44,5,9,3,130,11,23,40,57,6,6,4,114,10,18,4,114,10,18,5,100,8,17,proposed always-open investigation zone,none,unrestricted,unknown,false,1.7,,ttc:finch:Finch station:390.6m,"311841.583,4848933.123",false,new,audit-maps/new-facility-zone_8878.png,valid,"GTFS stop, public-access context, snap, and audit map agree.",FG03 audit,2026-07-25
aafebe1d0373fe78f878042aac41e0db6e07b0d1f7238d056cd83505072cdb2b,new-facility-zone:3734,new_facility_zone,new,Broadview,-79.3587319,43.6768096,GTFS stops.txt stop_id=3734,https://www.ttc.ca/transparency-and-accountability/open-data,5,108,9,16,214,16,75,7,9,5,108,9,17,2,108,9,16,5,108,9,16,5,104,9,14,6,99,8,15,proposed always-open investigation zone,none,unrestricted,unknown,false,23.0,,,"316191.027,4837437.934",false,new,audit-maps/new-facility-zone_3734.png,valid,"Broadview GTFS platform, public gap context, snap, and audit map agree.",FG03 audit,2026-07-25
aafebe1d0373fe78f878042aac41e0db6e07b0d1f7238d056cd83505072cdb2b,new-facility-zone:3850,new_facility_zone,new,Scarborough Centre Station at Bus Bay 12,-79.2573458,43.7747352,GTFS stops.txt stop_id=3850,https://www.ttc.ca/transparency-and-accountability/open-data,6,99,14,16,188,4,96,14,13,6,99,14,16,3,99,14,16,6,99,14,16,6,99,14,16,4,100,15,16,proposed always-open investigation zone,none,unrestricted,unknown,false,27.4,,,"324334.161,4848335.969",false,new,audit-maps/new-facility-zone_3850.png,exclude,"Excluded from this release: nearby Civic Centre and library washrooms are about 151 to 264 m away straight-line but route over 800 m in the model, so station-area topology cannot support this geographic-gap claim.",FG03 audit,2026-07-25
aafebe1d0373fe78f878042aac41e0db6e07b0d1f7238d056cd83505072cdb2b,new-facility-zone:13814,new_facility_zone,new,King,-79.3777007,43.6484462,GTFS stops.txt stop_id=13814,https://www.ttc.ca/transparency-and-accountability/open-data,7,94,7,17,157,10,83,7,13,9,93,7,20,4,94,7,17,7,94,7,17,7,94,7,17,7,91,7,17,proposed always-open investigation zone,none,unrestricted,unknown,false,1.1,,,"314666.172,4834284.484",false,new,audit-maps/new-facility-zone_13814.png,valid,"King GTFS platform, public gap context, snap, and audit map agree.",FG03 audit,2026-07-25
aafebe1d0373fe78f878042aac41e0db6e07b0d1f7238d056cd83505072cdb2b,new-facility-zone:18724,new_facility_zone,new,St Clair Ave East at Warden Ave,-79.2813045,43.7118485,GTFS stops.txt stop_id=18724,https://www.ttc.ca/transparency-and-accountability/open-data,8,93,10,15,133,9,86,9,10,8,93,10,16,5,93,10,15,8,93,10,15,8,93,10,15,11,86,10,15,proposed always-open investigation zone,none,unrestricted,unknown,false,2.6,parks:1569:Warden Hilltop Community Centre Washroom:465.7m,parks:1569:Warden Hilltop Community Centre Washroom:465.7m,"322423.907,4841344.133",false,new,audit-maps/new-facility-zone_18724.png,valid,GTFS stop and 463 m network threshold gap agree with source and map.,FG03 audit,2026-07-25
aafebe1d0373fe78f878042aac41e0db6e07b0d1f7238d056cd83505072cdb2b,new-facility-zone:18863,new_facility_zone,new,2615 Danforth Ave,-79.2996736,43.6885367,GTFS stops.txt stop_id=18863,https://www.ttc.ca/transparency-and-accountability/open-data,9,91,9,16,140,5,91,9,14,11,91,9,16,6,91,9,16,9,91,9,16,9,91,9,16,10,87,9,16,proposed always-open investigation zone,none,unrestricted,unknown,false,2.0,,,"320949.882,4838750.562",false,new,audit-maps/new-facility-zone_18863.png,exclude,"Excluded from this release: Main Square Community Centre is about 152 m away straight-line but routes about 627 m in the model, so the local snap and topology cannot support this geographic-gap claim.",FG03 audit,2026-07-25
aafebe1d0373fe78f878042aac41e0db6e07b0d1f7238d056cd83505072cdb2b,new-facility-zone:11230,new_facility_zone,new,Pioneer Village,-79.5091531,43.7762444,GTFS stops.txt stop_id=11230,https://www.ttc.ca/transparency-and-accountability/open-data,10,89,8,12,101,6,89,8,11,12,89,8,12,7,89,8,12,10,89,8,12,10,89,8,12,13,83,6,10,proposed always-open investigation zone,none,unrestricted,unknown,false,65.7,,,"304063.452,4848475.061",false,new,audit-maps/new-facility-zone_11230.png,valid,"Pioneer Village GTFS platform, public gap context, snap, and audit map agree.",FG03 audit,2026-07-25
aafebe1d0373fe78f878042aac41e0db6e07b0d1f7238d056cd83505072cdb2b,verify-hours:automated:PW-00011,verify_information,verify-hours,Automated public washroom at 1 Strachan Ave,-79.4093814,43.6359758,Phase 1 facilities.csv facility_id=automated:PW-00011,https://open.toronto.ca/dataset/street-furniture-public-washroom/,1,51,2,4,96,1,51,2,4,1,62,3,7,1,51,2,4,1,51,2,4,not applicable,not applicable,not applicable,not applicable,1,53,2,4,Seasonal Apr-Oct; daily hours not published,none,unrestricted,accessible,false,3.1,automated:PW-00011:Automated public washroom at 1 Strachan Ave:109.6m | museum:2:Fort York National Historic Site:487.1m,museum:2:Fort York National Historic Site:480.2m,"312109.000,4832894.969",false,verify-hours,audit-maps/verify-hours_automated_PW-00011.png,valid,"Unrestricted source record has seasonal but no daily hours; coordinates, snap, and map support an hours-verification action.",FG03 audit,2026-07-25
aafebe1d0373fe78f878042aac41e0db6e07b0d1f7238d056cd83505072cdb2b,verify-hours:parks:6171,verify_information,verify-hours,Riverdale Park East Outdoor Rink / Pool Washroom ,-79.3570177,43.6725182,Phase 1 facilities.csv facility_id=parks:6171,https://www.toronto.ca/explore-enjoy/parks-recreation/places-spaces/parks-and-recreation-facilities/location/?id=343,2,36,4,4,72,8,18,4,1,5,36,4,4,2,36,4,4,2,36,4,4,not applicable,not applicable,not applicable,not applicable,2,36,4,4,View facility hours,none,unrestricted,unknown,false,55.2,parks:6171:Riverdale Park East Outdoor Rink / Pool Washroom :286.9m,,"316313.966,4837014.266",false,verify-hours,audit-maps/verify-hours_parks_6171.png,valid,"Parks source publishes no parseable daily hours; coordinates, snap, and map support verification.",FG03 audit,2026-07-25
aafebe1d0373fe78f878042aac41e0db6e07b0d1f7238d056cd83505072cdb2b,verify-hours:parks:6105,verify_information,verify-hours,Smythe Park Outdoor Pool Washroom ,-79.4976267,43.6748271,Phase 1 facilities.csv facility_id=parks:6105,https://www.toronto.ca/explore-enjoy/parks-recreation/places-spaces/parks-and-recreation-facilities/location/?id=504,3,28,3,4,37,17,11,2,1,10,28,3,5,3,28,3,4,3,28,3,4,not applicable,not applicable,not applicable,not applicable,9,24,2,4,View outdoor pool hours,none,unrestricted,unknown,false,25.5,parks:6105:Smythe Park Outdoor Pool Washroom :285.2m,,"305008.208,4837227.399",false,verify-hours,audit-maps/verify-hours_parks_6105.png,valid,"Parks source publishes no parseable daily hours; coordinates, snap, and map support verification.",FG03 audit,2026-07-25
aafebe1d0373fe78f878042aac41e0db6e07b0d1f7238d056cd83505072cdb2b,verify-hours:parks:6091,verify_information,verify-hours,Stanley Park South Outdoor Pool Washroom ,-79.4080710,43.6419733,Phase 1 facilities.csv facility_id=parks:6091,https://www.toronto.ca/explore-enjoy/parks-recreation/places-spaces/parks-and-recreation-facilities/location/?id=2750,4,28,1,5,67,2,27,1,2,7,35,2,7,4,28,1,5,4,28,1,5,not applicable,not applicable,not applicable,not applicable,8,25,1,5,View outdoor pool hours,none,unrestricted,unknown,false,14.6,parks:29644:Stanley Park North Toronto Playground Washroom :152.7m | parks:6091:Stanley Park South Outdoor Pool Washroom :179.4m,parks:29644:Stanley Park North Toronto Playground Washroom :310.2m,"312227.562,4833572.286",false,verify-hours,audit-maps/verify-hours_parks_6091.png,valid,"Parks source publishes no parseable daily hours; coordinates, snap, and map support verification.",FG03 audit,2026-07-25
aafebe1d0373fe78f878042aac41e0db6e07b0d1f7238d056cd83505072cdb2b,verify-hours:parks:28897,verify_information,verify-hours,Regent Park Athletic Grounds Outdoor Rink Washroom,-79.3594508,43.6586691,Phase 1 facilities.csv facility_id=parks:28897,https://www.toronto.ca/explore-enjoy/parks-recreation/places-spaces/parks-and-recreation-facilities/location/?id=419,5,26,3,5,26,16,12,1,2,2,61,5,14,5,26,3,5,5,26,3,5,not applicable,not applicable,not applicable,not applicable,4,27,3,5,View outdoor rink hours,none,unrestricted,unknown,false,15.9,parks:28897:Regent Park Athletic Grounds Outdoor Rink Washroom:278.7m | parks:45463:Regent Park Community Centre Washroom:476.9m,parks:45463:Regent Park Community Centre Washroom:348.1m | parks:14322:Pam McConnell Aquatic Centre Washroom:350.8m,"316121.277,4835417.847",false,verify-hours,audit-maps/verify-hours_parks_28897.png,valid,"Parks source publishes no parseable daily hours; coordinates, snap, and map support verification.",FG03 audit,2026-07-25
aafebe1d0373fe78f878042aac41e0db6e07b0d1f7238d056cd83505072cdb2b,verify-hours:parks:13499,verify_information,verify-hours,Giovanni Caboto Outdoor Pool / Rink Washroom,-79.4521822,43.6755671,Phase 1 facilities.csv facility_id=parks:13499,https://www.toronto.ca/explore-enjoy/parks-recreation/places-spaces/parks-and-recreation-facilities/location/?id=1068,6,25,2,8,50,3,25,2,7,13,26,2,12,6,25,2,8,6,25,2,8,not applicable,not applicable,not applicable,not applicable,6,26,2,8,View the facility hours,none,unrestricted,unknown,false,28.1,parks:1820:Joseph J. Piccininni Community Centre Washroom:137.3m | parks:13499:Giovanni Caboto Outdoor Pool / Rink Washroom:143.0m,parks:1820:Joseph J. Piccininni Community Centre Washroom:235.7m | parks:29388:Earlscourt Park Washroom:388.8m,"308647.877,4837318.167",false,verify-hours,audit-maps/verify-hours_parks_13499.png,valid,"Parks source publishes no parseable daily hours; coordinates, snap, and map support verification.",FG03 audit,2026-07-25
aafebe1d0373fe78f878042aac41e0db6e07b0d1f7238d056cd83505072cdb2b,verify-hours:parks:5976,verify_information,verify-hours,Amos Waites Park Outdoor Pool Washroom,-79.4879112,43.6130401,Phase 1 facilities.csv facility_id=parks:5976,https://www.toronto.ca/explore-enjoy/parks-recreation/places-spaces/parks-and-recreation-facilities/location/?id=906,7,25,2,4,31,20,7,1,1,14,25,2,6,7,25,2,4,7,25,2,4,not applicable,not applicable,not applicable,not applicable,7,25,2,4,View outdoor pool hours,none,unrestricted,unknown,false,36.2,parks:66883:Amos Waites Park Washroom:282.6m | parks:5976:Amos Waites Park Outdoor Pool Washroom:296.5m,parks:66883:Amos Waites Park Washroom:58.5m,"305812.141,4830341.174",false,verify-hours,audit-maps/verify-hours_parks_5976.png,valid,"Parks source publishes no parseable daily hours; coordinates, snap, and map support verification.",FG03 audit,2026-07-25
aafebe1d0373fe78f878042aac41e0db6e07b0d1f7238d056cd83505072cdb2b,verify-hours:parks:5665,verify_information,verify-hours,Halbert Park Outdoor Pool Washroom,-79.2309085,43.7288866,Phase 1 facilities.csv facility_id=parks:5665,https://www.toronto.ca/explore-enjoy/parks-recreation/places-spaces/parks-and-recreation-facilities/location/?id=768,8,24,2,2,24,4,24,2,2,12,26,3,6,8,24,2,2,8,24,2,2,not applicable,not applicable,not applicable,not applicable,14,18,1,2,View outdoor pool hours,none,unrestricted,unknown,false,74.8,parks:5665:Halbert Park Outdoor Pool Washroom:225.2m | library:CC:Cliffcrest library:292.1m,library:CC:Cliffcrest library:489.0m,"326504.584,4843178.687",false,verify-hours,audit-maps/verify-hours_parks_5665.png,exclude,"Source and map support verification, but the primary gain reaches only 2 active stops and fails the published 3-stop materiality threshold.",FG03 audit,2026-07-25
aafebe1d0373fe78f878042aac41e0db6e07b0d1f7238d056cd83505072cdb2b,verify-hours:automated:PW-00001,verify_information,verify-hours,Automated public washroom at 318 Queens Quay W,-79.3868628,43.6390125,Phase 1 facilities.csv facility_id=automated:PW-00001,https://open.toronto.ca/dataset/street-furniture-public-washroom/,9,24,1,2,24,5,24,1,2,4,49,2,6,9,24,1,2,9,24,1,2,not applicable,not applicable,not applicable,not applicable,3,28,1,2,Seasonal Apr-Oct; daily hours not published,none,unrestricted,accessible,false,3.1,automated:PW-00001:Automated public washroom at 318 Queens Quay W:39.9m,,"313931.435,4833236.517",false,verify-hours,audit-maps/verify-hours_automated_PW-00001.png,exclude,"Source and map support verification, but the primary gain reaches only 2 active stops and fails the published 3-stop materiality threshold.",FG03 audit,2026-07-25
aafebe1d0373fe78f878042aac41e0db6e07b0d1f7238d056cd83505072cdb2b,verify-hours:parks:5675,verify_information,verify-hours,Greenwood Park Outdoor Pool / Rink Washroom,-79.3297139,43.6694859,Phase 1 facilities.csv facility_id=parks:5675,https://www.toronto.ca/explore-enjoy/parks-recreation/places-spaces/parks-and-recreation-facilities/location/?id=70,10,23,2,7,41,13,13,1,2,15,24,2,10,10,23,2,7,10,23,2,7,not applicable,not applicable,not applicable,not applicable,10,22,2,7,View facility hours,none,unrestricted,unknown,false,49.3,parks:5675:Greenwood Park Outdoor Pool / Rink Washroom:170.2m | parks:29421:Greenwood Park Fieldhouse Washroom:452.2m,parks:29421:Greenwood Park Fieldhouse Washroom:517.1m,"318485.336,4836614.292",false,verify-hours,audit-maps/verify-hours_parks_5675.png,valid,"Parks source publishes no parseable daily hours; coordinates, snap, and map support verification.",FG03 audit,2026-07-25
aafebe1d0373fe78f878042aac41e0db6e07b0d1f7238d056cd83505072cdb2b,verify-accessibility:parks:1729,verify_information,verify-accessibility,Ellesmere Community Centre Washroom,-79.2993484,43.7606971,Phase 1 facilities.csv facility_id=parks:1729,https://www.toronto.ca/explore-enjoy/parks-recreation/places-spaces/parks-and-recreation-facilities/location/?id=617,1,14,2,6,21,1,14,2,5,1,15,2,9,1,14,2,6,1,14,2,6,not applicable,not applicable,not applicable,not applicable,4,0,0,0,Mon Closed; Tue 8 a.m. to 11 p.m.; Wed 8 a.m. to 11 p.m.; Thu 8 a.m. to 11 p.m.; Fri 8 a.m. to 11 p.m.; Sat 8 a.m. to 11:30 a.m.; Sun 8 a.m. to 11 p.m.,none,unrestricted,unknown,false,71.0,parks:1729:Ellesmere Community Centre Washroom:158.6m,,"320934.724,4846834.853",false,verify-accessibility,audit-maps/verify-accessibility_parks_1729.png,valid,"Open unrestricted Parks record has unknown accessibility; coordinates, snap, and map support accessibility verification.",FG03 audit,2026-07-25
aafebe1d0373fe78f878042aac41e0db6e07b0d1f7238d056cd83505072cdb2b,verify-accessibility:parks:281,verify_information,verify-accessibility,Don Montgomery Community Centre Washroom,-79.2616996,43.7326290,Phase 1 facilities.csv facility_id=parks:281,https://www.toronto.ca/explore-enjoy/parks-recreation/places-spaces/parks-and-recreation-facilities/location/?id=712,2,7,1,1,7,2,7,1,1,2,7,1,1,2,7,1,1,2,7,1,1,not applicable,not applicable,not applicable,not applicable,1,10,1,1,Mon Closed; Tue 8 a.m. to 11 p.m.; Wed 8 a.m. to 11 p.m.; Thu 8 a.m. to 11 p.m.; Fri 8 a.m. to 11 p.m.; Sat 7 a.m. to 11 p.m.; Sun 7 a.m. to 11 p.m.,none,unrestricted,unknown,false,97.3,parks:281:Don Montgomery Community Centre Washroom:196.0m,,"324007.714,4843560.405",false,verify-accessibility,audit-maps/verify-accessibility_parks_281.png,exclude,"Source and map support verification, but the primary gain is 7 unique trips at 1 active stop and fails both materiality thresholds.",FG03 audit,2026-07-25
aafebe1d0373fe78f878042aac41e0db6e07b0d1f7238d056cd83505072cdb2b,verify-accessibility:parks:13866,verify_information,verify-accessibility,L'Amoreaux Community Recreation Centre Washroom,-79.3050564,43.8126115,Phase 1 facilities.csv facility_id=parks:13866,https://www.toronto.ca/explore-enjoy/parks-recreation/places-spaces/parks-and-recreation-facilities/location/?id=788,3,5,1,2,5,4,0,0,0,3,5,1,2,3,5,1,2,3,5,1,2,not applicable,not applicable,not applicable,not applicable,2,2,1,2,Mon Closed; Tue 6:30 a.m. to 11 p.m.; Wed 6:30 a.m. to 11 p.m.; Thu 6:30 a.m. to 11 p.m.; Fri 6:30 a.m. to 9:30 p.m.; Sat 9 a.m. to 11 p.m.; Sun 9 a.m. to 9:30 p.m.,none,unrestricted,unknown,false,82.4,parks:29547:L'Amoreaux North Park Fieldhouse Washroom:182.3m | parks:13866:L'Amoreaux Community Recreation Centre Washroom:336.6m,parks:29547:L'Amoreaux North Park Fieldhouse Washroom:513.5m,"320431.045,4852470.251",false,verify-accessibility,audit-maps/verify-accessibility_parks_13866.png,exclude,"Source and map support verification, but the primary gain is 5 unique trips at 2 active stops and fails both materiality thresholds.",FG03 audit,2026-07-25
aafebe1d0373fe78f878042aac41e0db6e07b0d1f7238d056cd83505072cdb2b,verify-accessibility:parks:2105,verify_information,verify-accessibility,Stephen Leacock Community Recreation Centre Washroom,-79.3026109,43.7865978,Phase 1 facilities.csv facility_id=parks:2105,https://www.toronto.ca/explore-enjoy/parks-recreation/places-spaces/parks-and-recreation-facilities/location/?id=1105,4,3,1,2,3,3,3,1,2,4,3,1,2,4,3,1,2,4,3,1,2,not applicable,not applicable,not applicable,not applicable,3,2,1,2,Mon Closed; Tue 8 a.m. to 10:30 p.m.; Wed 8 a.m. to 10:30 p.m.; Thu 8 a.m. to 10:30 p.m.; Fri 8 a.m. to 10:30 p.m.; Sat 8 a.m. to 10:30 p.m.; Sun 8 a.m. to 10:30 p.m.,none,unrestricted,unknown,false,26.4,parks:29655:Tam O'Shanter Golf Course Washroom:177.4m | parks:2105:Stephen Leacock Community Recreation Centre Washroom:293.8m,parks:14344:Stephen Leacock Seniors Community Centre Washroom:361.5m | parks:29655:Tam O'Shanter Golf Course Washroom:399.3m,"320661.719,4849637.139",false,verify-accessibility,audit-maps/verify-accessibility_parks_2105.png,exclude,"Source and map support verification, but the primary gain is 3 unique trips at 2 active stops and fails both materiality thresholds.",FG03 audit,2026-07-25
